patient_id,first_name,last_name,gender,date_of_birth,contact_number,address,registration_date,insurance_provider,insurance_number,email,age,age_group
P001,David,Williams,F,1955-06-04,6939585183,789 Pine Rd,2022-06-23,WellnessCorp,INS840674,david.williams@mail.com,71,Senior
P002,Emily,Smith,F,1984-10-12,8228188767,321 Maple Dr,2022-01-15,PulseSecure,INS354079,emily.smith@mail.com,42,Middle Age
P003,Laura,Jones,M,1977-08-21,8397029847,321 Maple Dr,2022-02-07,PulseSecure,INS650929,laura.jones@mail.com,49,Middle Age
P004,Michael,Johnson,F,1981-02-20,9019443432,123 Elm St,2021-03-02,HealthIndia,INS789944,michael.johnson@mail.com,45,Middle Age
P005,David,Wilson,M,1960-06-23,7734463155,123 Elm St,2021-09-29,MedCare Plus,INS788105,david.wilson@mail.com,66,Senior
P006,Linda,Jones,M,1963-06-16,7561777264,321 Maple Dr,2022-10-02,HealthIndia,INS613758,linda.jones@mail.com,63,Senior
P007,Alex,Johnson,F,1989-06-08,6278710077,789 Pine Rd,2021-12-25,MedCare Plus,INS465890,alex.johnson@mail.com,37,Young Adult
P008,David,Davis,F,1976-07-05,7090558393,456 Oak Ave,2021-05-25,WellnessCorp,INS545101,david.davis@mail.com,50,Middle Age
P009,Laura,Davis,M,1971-12-11,7060324619,321 Maple Dr,2022-09-18,PulseSecure,INS136631,laura.davis@mail.com,55,Middle Age
P010,Michael,Taylor,M,2001-10-13,7081396733,123 Elm St,2022-08-24,WellnessCorp,INS866577,michael.taylor@mail.com,25,Young Adult
P011,Emily,Jones,F,1966-12-04,8990604070,789 Pine Rd,2022-09-27,MedCare Plus,INS172991,emily.jones@mail.com,60,Senior
P012,Laura,Davis,F,1991-12-08,8135666049,321 Maple Dr,2023-04-27,MedCare Plus,INS104014,laura.davis@mail.com,35,Young Adult
P013,Laura,Johnson,F,1990-03-28,9059178882,321 Maple Dr,2021-12-23,WellnessCorp,INS373237,laura.johnson@mail.com,36,Young Adult
P014,Alex,Taylor,M,1968-02-27,7292262512,789 Pine Rd,2023-12-12,MedCare Plus,INS118070,alex.taylor@mail.com,58,Middle Age
P015,Sarah,Johnson,M,1964-05-11,6636028516,321 Maple Dr,2021-09-25,WellnessCorp,INS922209,sarah.johnson@mail.com,62,Senior
P016,Michael,Taylor,M,2000-07-22,7223380592,789 Pine Rd,2021-07-23,PulseSecure,INS156958,michael.taylor@mail.com,26,Young Adult
P017,Jane,Jones,M,1991-05-01,6158428240,456 Oak Ave,2022-09-26,WellnessCorp,INS182074,jane.jones@mail.com,35,Young Adult
P018,Laura,Wilson,M,1979-09-24,7145815738,789 Pine Rd,2022-09-23,PulseSecure,INS635017,laura.wilson@mail.com,47,Middle Age
P019,Sarah,Miller,M,1975-05-24,8618058864,789 Pine Rd,2023-06-24,WellnessCorp,INS855073,sarah.miller@mail.com,51,Middle Age
P020,Jane,Moore,F,2003-06-06,8158989953,789 Pine Rd,2022-04-03,MedCare Plus,INS276089,jane.moore@mail.com,23,Young Adult
P021,Michael,Wilson,M,2002-03-01,7765390555,321 Maple Dr,2022-01-19,WellnessCorp,INS297392,michael.wilson@mail.com,24,Young Adult
P022,John,Brown,M,1955-05-10,6221099573,321 Maple Dr,2021-05-11,MedCare Plus,INS258823,john.brown@mail.com,71,Senior
P023,Linda,Johnson,M,1994-02-22,6141951830,789 Pine Rd,2021-12-27,WellnessCorp,INS730152,linda.johnson@mail.com,32,Young Adult
P024,Sarah,Brown,F,1991-11-04,7196777444,321 Maple Dr,2021-09-02,WellnessCorp,INS493002,sarah.brown@mail.com,35,Young Adult
P025,Robert,Wilson,M,1966-08-14,7482069727,123 Elm St,2021-09-09,HealthIndia,INS833429,robert.wilson@mail.com,60,Senior
P026,John,Taylor,M,2003-11-28,9900972256,123 Elm St,2021-05-13,MedCare Plus,INS598863,john.taylor@mail.com,23,Young Adult
P027,Linda,Moore,F,1998-06-29,8724518272,321 Maple Dr,2021-08-15,HealthIndia,INS467654,linda.moore@mail.com,28,Young Adult
P028,Alex,Moore,M,1993-04-13,7028910482,321 Maple Dr,2023-05-20,MedCare Plus,INS679036,alex.moore@mail.com,33,Young Adult
P029,David,Smith,M,2005-05-15,8923607677,789 Pine Rd,2023-04-19,HealthIndia,INS630089,david.smith@mail.com,21,Young Adult
P030,Emily,Moore,M,1964-12-23,6622318721,456 Oak Ave,2021-08-07,PulseSecure,INS250262,emily.moore@mail.com,62,Senior
P031,Robert,Miller,M,1987-01-14,8280346676,321 Maple Dr,2022-06-28,WellnessCorp,INS542905,robert.miller@mail.com,39,Young Adult
P032,Alex,Moore,M,1981-01-08,8102183595,123 Elm St,2021-10-02,MedCare Plus,INS335362,alex.moore@mail.com,45,Middle Age
P033,Michael,Wilson,F,1970-02-06,7923214041,789 Pine Rd,2023-09-06,MedCare Plus,INS544209,michael.wilson@mail.com,56,Middle Age
P034,Alex,Smith,F,1950-01-26,8374657733,321 Maple Dr,2023-06-18,WellnessCorp,INS653880,alex.smith@mail.com,76,Senior
P035,David,Wilson,F,1993-04-13,7039619487,123 Elm St,2023-07-09,MedCare Plus,INS897079,david.wilson@mail.com,33,Young Adult
P036,Michael,Wilson,M,1997-12-26,8545613046,123 Elm St,2022-10-04,MedCare Plus,INS764076,michael.wilson@mail.com,29,Young Adult
P037,Robert,Williams,M,1999-02-05,8886800195,456 Oak Ave,2021-09-30,HealthIndia,INS319963,robert.williams@mail.com,27,Young Adult
P038,David,Smith,M,1991-06-25,6347262390,789 Pine Rd,2021-04-19,MedCare Plus,INS580761,david.smith@mail.com,35,Young Adult
P039,Jane,Wilson,F,1950-12-12,9271131338,789 Pine Rd,2021-03-09,PulseSecure,INS348710,jane.wilson@mail.com,76,Senior
P040,Emily,Williams,M,1972-05-30,7587653815,456 Oak Ave,2021-10-16,PulseSecure,INS320984,emily.williams@mail.com,54,Middle Age
P041,Robert,Williams,M,1951-06-19,7020645498,456 Oak Ave,2022-07-16,WellnessCorp,INS997059,robert.williams@mail.com,75,Senior
P042,Jane,Smith,F,1954-08-22,7040069008,789 Pine Rd,2022-03-15,MedCare Plus,INS956748,jane.smith@mail.com,72,Senior
P043,Linda,Brown,M,1980-03-25,9127665406,789 Pine Rd,2022-07-18,WellnessCorp,INS882355,linda.brown@mail.com,46,Middle Age
P044,Robert,Taylor,F,1976-03-11,9449458981,321 Maple Dr,2023-01-26,PulseSecure,INS364512,robert.taylor@mail.com,50,Middle Age
P045,Linda,Miller,F,1966-04-25,7579616535,321 Maple Dr,2021-01-23,MedCare Plus,INS701863,linda.miller@mail.com,60,Senior
P046,Michael,Taylor,F,1986-09-01,8019925828,456 Oak Ave,2021-07-31,MedCare Plus,INS368799,michael.taylor@mail.com,40,Middle Age
P047,Jane,Moore,M,1995-12-13,8715732851,321 Maple Dr,2022-05-20,WellnessCorp,INS337549,jane.moore@mail.com,31,Young Adult
P048,Emily,Miller,M,1983-03-24,8720989381,123 Elm St,2023-06-19,PulseSecure,INS694319,emily.miller@mail.com,43,Middle Age
P049,David,Moore,M,1972-11-26,7712937941,321 Maple Dr,2023-06-14,MedCare Plus,INS584299,david.moore@mail.com,54,Middle Age
P050,Laura,Wilson,M,1993-12-27,8301134730,321 Maple Dr,2023-04-28,WellnessCorp,INS712210,laura.wilson@mail.com,33,Young Adult
